name,price,weight,brand,link
Сыр творожный Экомилк 60% 350 г,355,350 г,ЭКОМИЛК,https://vkusvill.ru//goods/syr-tvorozhnyy-ekomilk-60-350-g-108907.html
Сыр Mlekara Sabac Сербская брынза 40% с рассолом 230 г,319,230 г,Mlekara Sabac,https://vkusvill.ru//goods/syr-mlekara-sabac-serbskaya-brynza-40-s-rassolom-230-g-108534.html
Сыр Ламбер желтый 50% полутвердый 230 г,349,230 г,Ламбер,https://vkusvill.ru//goods/syr-lamber-zheltyy-50-polutverdyy-230-g-57777.html
Сыр мягкий Pretto Крем основа с маскарпоне 50% 450 г,385,450 г,Pretto,https://vkusvill.ru//goods/syr-myagkiy-pretto-krem-osnova-s-maskarpone-50-450-g-109539.html
Сыр мягкий Galbani Моцарелла 45% 125 г,269,125 г,Galbani,https://vkusvill.ru//goods/syr-myagkiy-galbani-motsarella-45-125-g-65258.html
Сыр мягкий Galbani Моцарелла Мини 45% 150 г,315,150 г,Galbani,https://vkusvill.ru//goods/syr-myagkiy-galbani-motsarella-mini-45-150-g-33476.html
Сыр Natura Сливочный 45% цилиндр 200 г,329,200 г,Natura,https://vkusvill.ru//goods/syr-natura-slivochnyy-45-tsilindr-200-g-79460.html
Сыр мягкий Galbani Моцарелла макси 45% 250 г,345,250 г,Galbani,https://vkusvill.ru//goods/syr-myagkiy-galbani-motsarella-maksi-45-250-g-66200.html
Сыр плавленый Viola Easy Cheesy 45% 140 г,149,140 г,Viola,https://vkusvill.ru//goods/syr-plavlenyy-viola-easy-cheesy-45-140-g-109547.html
Сыр Viola Гауда 45% полутвердый нарезка 120 г,199,120 г,Viola,https://vkusvill.ru//goods/syr-viola-gauda-45-polutverdyy-narezka-120-g-105653.html
Сыр плавленый Viola Чеддер в ломтиках 140 г,155,140 г,Viola,https://vkusvill.ru//goods/syr-plavlenyy-viola-chedder-v-lomtikakh-140-g-54798.html
Сыр плавленый Viola с черным перцем Black Pepper 45% 140 г,149,140 г,Viola,https://vkusvill.ru//goods/syr-plavlenyy-viola-s-chernym-pertsem-black-pepper-45-140-g-109288.html
Сыр Natura Сливочный легкий 16% (массовая доля жира в сухом веществе 30%) нарезка 300 г,579,300 г,Natura,https://vkusvill.ru//goods/syr-natura-slivochnyy-legkiy-16-massovaya-dolya-zhira-v-sukhom-veshchestve-30-narezka-300-g-79464.html
Сыр мягкий Mlekara Sabac А ла Каймак 60 % 250 г,229,250 г,Mlekara Sabac,https://vkusvill.ru//goods/syr-myagkiy-mlekara-sabac-a-la-kaymak-60-250-g-108533.html
Сыр плавленый Viola Сливочный 400 г,465,400 г,Viola,https://vkusvill.ru//goods/syr-plavlenyy-viola-slivochnyy-400-g-54819.html
Сыр плавленый Hochland Сливочный 45% в ломтиках 150 г,169,150 г,Hochland,https://vkusvill.ru//goods/syr-plavlenyy-hochland-slivochnyy-45-v-lomtikakh-150-g-76197.html
Сыр Маскарпоне Pretto 80% 500 г,689,500 г,Pretto,https://vkusvill.ru//goods/syr-maskarpone-pretto-80-500-g-44056.html
Сыр ЭкоНива Щучанский 50% полутвердый 200 г,239,200 г,ЭкоНива,https://vkusvill.ru//goods/syr-ekoniva-shchuchanskiy-50-polutverdyy-200-g-92886.html
Сыр Рикотта Pretto 45% мягкий 500 г,316,500 г,Pretto,https://vkusvill.ru//goods/syr-rikotta-pretto-45-myagkiy-500-g-90789.html
Сыр Dolce Granto Пармезан 40% твердый тертый 150 г,395,150 г,Dolce Granto,https://vkusvill.ru//goods/syr-dolce-granto-parmezan-40-tverdyy-tertyy-150-g-66571.html
Сыр Моцарелла Pretto кубики 45% 150 г,199,150 г,Pretto,https://vkusvill.ru//goods/syr-motsarella-pretto-kubiki-45-150-g-97538.html
Сыр плавленый Hochland Сливочный 55% 200 г,249,200 г,Hochland,https://vkusvill.ru//goods/syr-plavlenyy-hochland-slivochnyy-55-200-g-76320.html
Сыр Laplandia Сливочный 45% полутвердый нарезка 130 г,239,130 г,Laplandia,https://vkusvill.ru//goods/syr-laplandia-slivochnyy-45-polutverdyy-narezka-130-g-70728.html
Сыр мягкий Galbani Буррата 50% 125 г,395,125 г,Galbani,https://vkusvill.ru//goods/syr-myagkiy-galbani-burrata-50-125-g-65230.html
Сыр плавленый Viola с лисичками 50% 200 г,279,200 г,Viola,https://vkusvill.ru//goods/syr-plavlenyy-viola-s-lisichkami-50-200-g-54808.html
Сыр Кремчиз Bonfesto 70% сливочный 500 г,439,500 г,Bonfesto,https://vkusvill.ru//goods/syr-kremchiz-bonfesto-70-slivochnyy-500-g-46600.html
Сыр ЭкоНива Dürr Classic 50% твердый 6 месяцев выдержки 200 г,445,200 г,ЭкоНива,https://vkusvill.ru//goods/syr-ekoniva-d-rr-classic-50-tverdyy-6-mesyatsev-vyderzhki-200-g-104319.html
Сыр ЭкоНива Momente aus Schollbrunn 50% полутвердый 200 г,265,200 г,ЭкоНива,https://vkusvill.ru//goods/syr-ekoniva-momente-aus-schollbrunn-50-polutverdyy-200-g-104318.html
Сыр Моцарелла протеиновая Unagrande палочки без лактозы 35% 120 г,235,120 г,Unagrande,https://vkusvill.ru//goods/syr-motsarella-proteinovaya-unagrande-palochki-bez-laktozy-35-120-g-104558.html
Сыр Mlekara Sabac A la Creme с черным перцем 65% мягкий 150 г,139,150 г,Mlekara Sabac,https://vkusvill.ru//goods/syr-mlekara-sabac-a-la-creme-s-chernym-pertsem-65-myagkiy-150-g-50801.html
Сыр Mlekara Sabac Сербская брынза Легкая 22% с рассолом 250 г,155,250 г,Mlekara Sabac,https://vkusvill.ru//goods/syr-mlekara-sabac-serbskaya-brynza-legkaya-22-s-rassolom-250-g-108535.html
Сыр творожный Экомилк 60% 400 г,339,400 г,ЭКОМИЛК,https://vkusvill.ru//goods/syr-tvorozhnyy-ekomilk-60-400-g-98480.html
Сыр Mlekara Sabac А ла Каймак сливочный 70% мягкий 250 г,219,250 г,Mlekara Sabac,https://vkusvill.ru//goods/syr-mlekara-sabac-a-la-kaymak-slivochnyy-70-myagkiy-250-g-50808.html
Сыр Моцарелла протеиновая Unagrande в воде Чильеджина без лактозы 32% 100 г (масса нетто 180 г),149,180 г,Unagrande,https://vkusvill.ru//goods/syr-motsarella-proteinovaya-unagrande-v-vode-chiledzhina-bez-laktozy-32-100-g-massa-netto-180-g-104151.html
Сыр Mlekara Sabac Сербская брынза 45% 220 г,249,220 г,Mlekara Sabac,https://vkusvill.ru//goods/syr-mlekara-sabac-serbskaya-brynza-45-220-g-85011.html
Сыр Mlekara Sabac Сербская брынза Легкая 25% 250 г,209,250 г (сыра - 220 г),Mlekara Sabac,https://vkusvill.ru//goods/syr-mlekara-sabac-serbskaya-brynza-legkaya-25-250-g-99571.html
